test_id,type,status,order_ok,order_error,onset_idx,onset_time_s,onset_value_N,min_force_idx,min_force_time_s,min_force_value_N,p1_idx,p1_time_s,p1_value_N,p2_idx,p2_time_s,p2_value_N,take_off_idx,take_off_time_s,take_off_value_N,landing_idx,landing_time_s,landing_value_N,key_points_count
699c481e8e59d198a5550846,cmj,ok,True,,1408,1.4021,8648.609623345865,1550,1.5435,2950.2643382458177,1980,1.9717,19758.503132042904,2287,2.2774,15947.079145726218,2386,2.376,328.8287717041758,2844,2.8321,305.78210299016655,6
699d5c818e59d198a555084a,cmj,ok,True,,1513,1.5097,7498.050650838574,1726,1.7222,1702.200422535807,2135,2.1303,14264.899710357337,,,,2310,2.3049,270.5504593416029,2618,2.6123,241.31045250182893,5
699d60208e59d198a555084b,cmj,ok,True,,928,1.0235,7635.783098309202,1117,1.2319,2166.9407351589934,1436,1.5838,14142.998034835942,1566,1.7271,14578.692297262696,1701,1.876,251.76358690864834,1994,2.1992,283.9097800775464,6
699d609d8e59d198a555084d,cmj,ok,True,,1028,1.2689,7403.072214919416,1174,1.4491,1963.756393857263,1512,1.8664,13433.381832187444,1694,2.091,13860.156526188915,1815,2.2404,275.93579272070474,2079,2.5662,282.93352238892186,6
699d62d58e59d198a555084f,cmj,ok,True,,1260,1.4121,7919.0457547390415,1449,1.6239,1741.033586617684,1634,1.8312,18668.815729057365,1822,2.0419,17053.152066337123,1933,2.1663,246.07191479613442,2397,2.6863,207.1795027173361,6
699d63418e59d198a5550850,cmj,ok,True,,485,0.4993,2705.0872718820738,488,0.5024,2702.9099374829057,1375,1.4157,14184.468166484583,2089,2.1508,15373.520344642684,2544,2.6192,119.95473070205614,2611,2.6882,113.14273185706486,6
699d63568e59d198a5550851,cmj,ok,True,,1433,1.582,2247.590478841271,1606,1.773,-468.6152670704143,1988,2.1947,14048.459062642392,,,,2055,2.2687,-136.5983784226258,2473,2.7302,115.03816166484619,5
699d67358e59d198a5550853,cmj,ok,True,,1301,1.4395,5944.489770191486,1410,1.5601,3327.6510878093522,1646,1.8212,13600.339774104275,1817,2.0104,16068.776830883811,2217,2.453,636.5383755654992,2267,2.5084,529.3802075659021,6
699d67518e59d198a5550854,cmj,ok,True,,1159,1.2645,6111.368910405254,1328,1.4489,3503.618889930081,1709,1.8646,16187.42678833368,1857,2.0261,695.7422531540731,2308,2.5181,643.3885868453633,2359,2.5738,618.4429324294348,6
699d67808e59d198a5550855,cmj,ok,True,,531,0.6108,6534.357139422752,635,0.7304,3333.9362755045267,1045,1.202,15632.426744294606,,,,1141,1.3124,660.214269390448,1746,2.0083,612.1628721943356,5
699d67928e59d198a5550856,cmj,ok,True,,1118,1.3965,2659.881115599469,1149,1.4352,259.11612190890463,1187,1.4826,641.0634589612139,,,,1195,1.4926,622.7897395232708,1599,1.9973,583.8015583318959,5
699d67e98e59d198a5550857,cmj,ok,True,,871,0.9992,5142.490530898079,972,1.115,3565.262985001826,1372,1.5739,13455.442508769967,1587,1.8205,13237.444439685374,2045,2.3459,607.3312092917301,2089,2.3964,588.1376281504523,6
699d68858e59d198a5550859,cmj,ok,True,,1882,1.8472,5925.704992152564,2117,2.0779,3754.8993606897766,2357,2.3134,16213.641258454732,3059,3.0024,786.7790729410849,3077,3.0201,629.9488339294528,3129,3.0711,626.50865713179,6
699d693b8e59d198a555085a,cmj,ok,True,,1246,1.2808,6157.311789700016,1485,1.5265,3001.5540408802376,1731,1.7794,17410.974030729816,2548,2.6192,21918.41700131011,2680,2.7549,2652.357078960926,2797,2.8752,2635.200006561221,6
699d69668e59d198a555085b,cmj,ok,True,,915,1.0512,7891.370319287183,1075,1.235,2162.9779107562504,1341,1.5406,15102.955933312987,1457,1.6739,14760.558278107295,1611,1.8508,778.7276242841525,2001,2.2989,742.0823619301187,6
699d69868e59d198a555085c,cmj,ok,True,,1513,1.5305,1636.0919591866525,1543,1.5608,-60.76897889901434,2071,2.0949,527.7758758151627,2222,2.2477,20537.746083471062,2376,2.4034,2043.6637536472242,2451,2.4793,2072.684951792423,6
699d69c78e59d198a555085d,cmj,ok,True,,1231,1.249,6142.170413188843,1494,1.5159,3663.388907968942,1822,1.8487,16160.50362485476,1929,1.9572,14545.009101425358,2066,2.0962,576.8329283241108,2672,2.7111,619.3065235276883,6
699d702b8e59d198a555087a,cmj,ok,True,,1308,1.4268,4767.410028486853,1418,1.5468,2417.044342192446,1610,1.7563,13475.696144372847,,,,1740,1.8981,452.5740523958547,2057,2.2439,460.1121492050235,5
699d70418e59d198a555087b,cmj,ok,True,,2185,2.46,4779.2221123304735,2269,2.5546,1550.1097051266768,2449,2.7573,12978.420166134025,,,,2564,2.8867,477.42010008168387,2805,3.1581,462.81162199709144,5
699d70478e59d198a555087c,cmj,ok,True,,2185,2.46,4779.2221123304735,2269,2.5546,1550.1097051266768,2449,2.7573,12978.420166134025,,,,2564,2.8867,477.42010008168387,2805,3.1581,462.81162199709144,5
699d70af8e59d198a555087d,cmj,ok,True,,869,0.9878,7682.316464230314,999,1.1355,-316.0330090075507,1272,1.4458,15545.81125575328,1514,1.7209,14285.04902400963,1599,1.8175,770.1131121681263,2017,2.2927,744.5042942322315,6
699d70cc8e59d198a555087e,cmj,ok,True,,939,1.0258,8048.272493109266,1179,1.2879,2210.5216600579593,1513,1.6528,14978.570316290828,1713,1.8713,14727.95792524416,2185,2.3869,323.29705302660113,2234,2.4404,295.05912202416175,6
699d711b8e59d198a555087f,cmj,ok,True,,1409,1.3978,9249.065232521827,1661,1.6478,5528.7411098501,2017,2.001,18193.03167598771,2818,2.7956,24414.510116371785,3121,3.0962,4712.146594950187,3217,3.1914,4731.393975252109,6
699d72d88e59d198a5550880,cmj,ok,True,,894,1.0141,8793.30140059997,1060,1.2024,5186.072277164432,1491,1.6912,16044.325529123791,1684,1.9102,15329.083133909251,2093,2.3741,332.82359519062993,2137,2.424,299.9060760186428,6
699d730d8e59d198a5550881,cmj,ok,True,,995,1.2198,8489.901707209905,1090,1.3362,3027.4615998756904,1254,1.5373,17980.289504159824,1473,1.8058,15461.503042210823,1558,1.91,877.4992791446223,1891,2.3182,860.6336264159524,6
699d7a228e59d198a5550885,cmj,ok,True,,1347,1.5312,8050.9010135453655,1500,1.7051,7840.395526922935,2368,2.6918,14833.476454820688,2529,2.8749,14176.732285099537,2902,3.2989,315.8398638758547,2945,3.3478,284.14586021430426,6
699d7a5c8e59d198a5550886,cmj,ok,True,,1290,1.4273,8045.93357701203,1501,1.6608,6026.590162411613,1624,1.7969,6940.202492790453,2035,2.2516,14042.903413640503,2371,2.6234,318.4396945362855,2420,2.6776,316.9708769225499,6
699d7a7c8e59d198a5550887,cmj,ok,True,,1229,1.2503,7969.763960846848,1249,1.2706,7943.789381294033,2255,2.294,14839.25396381389,2398,2.4395,14457.376628031021,2774,2.822,318.47173768785797,2824,2.8729,311.77131811001215,6
699d89758e59d198a555088b,cmj,ok,True,,1534,1.5402,6005.932132542656,1708,1.7149,857.519388454975,1946,1.9538,11649.407283054972,2218,2.2269,14165.347184073975,2324,2.3333,944.2119016852726,2862,2.8735,842.202748553742,6
699d89948e59d198a555088c,cmj,ok,True,,1443,1.4284,5960.660091646363,1594,1.5779,1737.303611895444,1876,1.8571,12236.211722009022,2157,2.1352,13908.492361347437,2739,2.7113,623.7797969204541,2791,2.7628,562.5056683749375,6
699d8b618e59d198a555089c,cmj,ok,True,,1882,1.8782,5631.276610794821,2012,2.008,3244.745878968182,2321,2.3164,14318.854274501542,,,,2511,2.506,835.3826285949206,2905,2.8992,861.8257377410646,5
699d8b6f8e59d198a555089d,cmj,ok,True,,1723,1.7124,5715.452558724579,1858,1.8465,2943.089332539726,2142,2.1288,14781.548239608936,,,,2327,2.3126,881.8411441672204,2735,2.7181,875.1407017500455,5
699d8eaf8e59d198a55508a2,cmj,ok,True,,1963,1.9528,7227.054894598153,2151,2.1399,2102.1331408036276,2476,2.4632,14703.791448761514,2604,2.5905,14428.797458901927,2740,2.7258,284.98310427497177,3107,3.0909,284.13913367937556,6
699d90dd8e59d198a55508a3,cmj,ok,True,,1426,1.4178,6319.951349544714,1528,1.5192,837.8040791243827,1732,1.722,22516.24955182855,,,,1900,1.889,225.2139710332922,1955,1.9437,268.1679526019648,5
699d916b8e59d198a55508a4,cmj,ok,True,,1890,1.8798,6679.482143572906,2015,2.0042,757.4986653924733,2286,2.2737,18518.858139951935,,,,2491,2.4776,231.87540802311796,2549,2.5353,278.05355956529655,5
699d92ed8e59d198a55508a8,cmj,ok,True,,1610,1.5939,5791.86094947873,1829,1.8107,2644.606840627928,2087,2.0662,14933.814381978587,2894,2.8651,15841.047407395998,3094,3.0631,2816.0350375696667,3194,3.1621,2807.1797805755823,6
699d93098e59d198a55508a9,cmj,ok,True,,1628,1.6251,5934.4345971799485,1800,1.7968,2444.0336433252714,2040,2.0363,16488.127871284363,2829,2.8239,16725.782650441142,3061,3.0555,1229.2548989323932,3144,3.1383,1228.5583372190508,6
699d93168e59d198a55508aa,cmj,ok,True,,498,0.4994,5761.263669206163,713,0.715,2394.517153984934,948,0.9506,15771.193795748446,1752,1.7568,16114.60414340161,1988,1.9934,1350.509792947068,2058,2.0636,1358.4357087930073,6
699d93318e59d198a55508ab,cmj,ok,True,,1914,1.9148,5882.410343749499,2005,2.0058,3781.557608403585,2047,2.0478,4116.0922863996175,2337,2.3379,16007.812749700293,2536,2.537,226.5108404321444,2588,2.589,243.51572703264608,6
699ea4b731a30c1a20992f70,cmj,ok,True,,504,0.4999,456.14095845803604,559,0.5544,434.38586787200643,1528,1.5155,10353.428181993868,2453,2.433,23795.85785258906,2822,2.7989,225.9804620903924,2840,2.8168,221.4218736949827,6
699ea68431a30c1a20992f71,cmj,ok,True,,504,0.4999,456.14095845803604,559,0.5544,434.38586787200643,1528,1.5155,10353.428181993868,2453,2.433,23795.85785258906,2822,2.7989,225.9804620903924,2840,2.8168,221.4218736949827,6
699eacb531a30c1a20992f72,cmj,ok,True,,1451,1.4408,6618.30537339172,1627,1.6156,4239.87462336927,1823,1.8102,8200.30498176936,2169,2.1538,16101.107244866354,2277,2.261,690.7029016390654,2723,2.7039,684.5862062807427,6
699eace031a30c1a20992f73,cmj,ok,True,,2006,1.9984,6589.013595059334,2105,2.097,1697.302883189631,2401,2.3919,16610.568931907957,,,,2602,2.5921,678.4573163488278,2994,2.9826,673.9563462651507,5
699ead0b31a30c1a20992f74,cmj,ok,True,,1386,1.3657,6532.671985402421,1494,1.4721,1588.7923547738271,1923,1.8948,16835.690372934314,,,,2043,2.0131,631.4601471103754,2452,2.4161,630.3921830030417,5
699ead2431a30c1a20992f75,cmj,ok,True,,1672,1.6403,6333.06785876324,1769,1.7354,859.1264591505599,2080,2.0405,17122.42847204908,,,,2235,2.1926,673.0683079576951,2685,2.6341,601.4147797807602,5
699eadac31a30c1a20992f78,cmj,ok,True,,1997,1.9918,5943.960377589842,2152,2.1464,4067.717933023406,2563,2.5563,14231.787561044512,2744,2.7369,694.4022733240157,2762,2.7548,627.7274263219048,3084,3.076,632.5167263434048,6
699eadbf31a30c1a20992f79,cmj,ok,True,,1195,1.1929,5932.790784772971,1337,1.3346,3948.6420810334953,1707,1.7039,13479.76223138878,2463,2.4586,20430.338934227257,2627,2.6223,4071.936120874555,2683,2.6782,4088.8494484085827,6
699eaded31a30c1a20992f7a,cmj,ok,True,,1702,1.6989,5997.523497517216,1839,1.8357,3457.059696707641,2186,2.1821,13437.279618879336,2308,2.3038,12925.171645796905,2757,2.752,624.1908100027701,2818,2.8129,607.6830453884663,6
699eadfd31a30c1a20992f7b,cmj,ok,True,,1581,1.5769,5784.029228341992,1698,1.6936,3554.5151898604568,2049,2.0437,13581.428383676244,2156,2.1504,13019.85220110685,2604,2.5972,631.0906173915108,2661,2.6541,586.0385453461715,6
699eae8e31a30c1a20992f7e,cmj,ok,True,,1903,1.8916,6831.01290344604,2034,2.0218,1600.7115139338637,2347,2.333,17885.86191980388,,,,2476,2.4612,664.0774749324139,2928,2.9105,649.9651681001468,5
699eaec331a30c1a20992f7f,cmj,ok,True,,1997,2.0054,6249.796790564538,2098,2.1068,1930.4954615795318,2378,2.388,19215.43933096701,,,,2547,2.5577,632.5032345016893,3046,3.0588,625.8692369967017,5
699eaed631a30c1a20992f80,cmj,ok,True,,1762,1.7404,6570.387681787251,1896,1.8728,1178.3797024593878,2136,2.1098,20744.790595519997,2873,2.8378,21823.807275207724,3058,3.0205,3375.992029447394,3117,3.0788,3372.2307892520143,6
699eaf7031a30c1a20992f83,cmj,ok,True,,1464,1.4617,7452.694006444332,1596,1.5934,3532.1208871004624,1904,1.901,16854.22810007034,,,,2083,2.0797,765.7803729947149,2347,2.3432,741.3319045103914,5
699eb43d31a30c1a20992f85,cmj,ok,True,,1074,1.0764,7052.083483526617,1186,1.1886,6008.202329265065,1749,1.7529,15549.421089371883,1947,1.9513,13949.294278686863,2055,2.0595,692.3970657187558,2515,2.5205,619.5852126251514,6
699eb45631a30c1a20992f86,cmj,ok,True,,1708,1.7039,6880.705329992981,1872,1.8675,2832.918420979093,2144,2.1389,17896.8208884072,,,,2380,2.3743,671.1901685375934,2842,2.8352,690.932176071504,5
699eb48831a30c1a20992f87,cmj,ok,True,,1744,1.7402,6924.755688742407,1865,1.8609,1774.1290646450193,2087,2.0824,20045.684274292205,,,,2273,2.268,678.4115717607785,2699,2.6931,620.8316698653189,5
699eb53131a30c1a20992f88,cmj,ok,True,,2016,2.0209,6994.038951236933,2137,2.1422,1626.0708149230961,2351,2.3567,20822.721887010724,,,,2515,2.5211,693.3587373082175,2907,2.914,710.1303681553976,5
699ebf6831a30c1a20992f92,cmj,ok,True,,1636,1.6301,7305.195617263397,1663,1.657,7267.524383363594,2241,2.2329,18334.96581257175,2947,2.9364,18908.97916945246,3162,3.1506,4854.564448997628,3193,3.1815,4861.172934976244,6
699ebfac31a30c1a20992f93,cmj,ok,True,,1610,1.6087,7394.9476857825985,1834,1.8325,4374.542049421526,2119,2.1173,17148.583481448935,2226,2.2242,16530.58180197737,2839,2.8367,760.0418556551792,2901,2.8987,732.6950906208048,6
699ebfc531a30c1a20992f94,cmj,ok,True,,1878,1.8731,7396.316284327413,1904,1.8991,7344.745580959383,1976,1.9709,7599.659558792845,2415,2.4087,22663.711218158573,2989,2.9812,763.6720168584101,3048,3.0401,676.9938938164353,6
699ec08e31a30c1a20992f97,cmj,ok,True,,1480,1.4803,5027.168516772527,1681,1.6813,3676.396195868227,2051,2.0514,9971.936278924117,2221,2.2214,9113.144153538271,2327,2.3275,750.9580284409894,2664,2.6645,763.6160502580695,6
699ec09c31a30c1a20992f98,cmj,ok,True,,1768,1.7533,4819.2285882822125,1900,1.8842,2772.906486527705,2190,2.1717,11047.23157448931,2330,2.3106,9741.609016593336,2442,2.4216,737.5855433265774,2799,2.7757,735.2266083976532,6
699ec0ac31a30c1a20992f99,cmj,ok,True,,1555,1.5547,5075.658224555881,1684,1.6837,3358.3289903883415,2027,2.0266,10799.484179314853,2186,2.1856,9576.198167530523,2293,2.2925,776.2961005861742,2663,2.6625,784.3365708633132,6
699ec16231a30c1a20992f9d,cmj,ok,True,,1447,1.4355,7465.6773426716445,1578,1.5655,3671.012623919846,1830,1.8155,18471.58490935423,,,,2000,1.9841,765.2527358163703,2270,2.252,747.3068078659869,5
699ec31b31a30c1a20992f9e,cmj,ok,True,,1376,1.3724,8246.055915537854,1620,1.6158,5586.144065791075,1664,1.6597,5976.55210972249,2101,2.0955,19375.776402294523,2218,2.2122,840.2347833239062,2670,2.6631,811.1030187549786,6
699ec33631a30c1a20992f9f,cmj,ok,True,,1382,1.3798,8153.50681871888,1734,1.7312,5947.5111731356765,2082,2.0787,19139.259191531084,2178,2.1745,18981.62128546461,2296,2.2923,791.8024442707102,2754,2.7496,796.5969101040639,6
699ec37131a30c1a20992fa0,cmj,ok,True,,1439,1.4376,8105.985154658036,1593,1.5914,2085.2895590968283,1808,1.8062,20352.61188655096,1988,1.986,18398.880039286694,2105,2.1029,789.8985463886528,2552,2.5494,813.6357144619101,6
699ec46031a30c1a20992fa6,cmj,ok,True,,1422,1.4192,5653.872314498551,1611,1.6078,2575.9354107505437,1900,1.8962,15977.395804843449,,,,2076,2.0719,824.148474533944,2617,2.6118,772.473908599874,5
699ec48531a30c1a20992fa7,cmj,ok,True,,1422,1.4192,5653.872314498551,1611,1.6078,2575.9354107505437,1900,1.8962,15977.395804843449,,,,2076,2.0719,824.148474533944,2617,2.6118,772.473908599874,5
699ec49431a30c1a20992fa8,cmj,ok,True,,1830,1.8285,5540.480548202083,1995,1.9934,2029.987102686428,2272,2.2702,16303.004443884005,,,,2456,2.454,857.3325436685532,2994,2.9916,836.0172313335725,5
699ec4a731a30c1a20992fa9,cmj,ok,True,,1375,1.3712,5705.272066752551,1595,1.5905,2022.5150174660077,1857,1.8518,16722.34621255873,,,,2055,2.0493,822.5751426768952,2600,2.5927,795.7514620794075,5
699ec78c31a30c1a20992fb0,cmj,ok,True,,1601,1.5984,6421.63389004016,1739,1.7362,3282.234553033273,2031,2.0278,13077.141291927826,2252,2.2484,11878.235015140192,2691,2.6867,653.4679031957595,2747,2.7426,625.9276432845163,6
699ec7e631a30c1a20992fb1,cmj,ok,True,,1601,1.5984,6421.63389004016,1739,1.7362,3282.234553033273,2031,2.0278,13077.141291927826,2252,2.2484,11878.235015140192,2691,2.6867,653.4679031957595,2747,2.7426,625.9276432845163,6
699ec7f631a30c1a20992fb2,cmj,ok,True,,1698,1.6983,6297.69422351771,1834,1.8344,2795.8070556398056,2116,2.1164,13164.74678605786,2330,2.3305,12007.4717498099,2429,2.4295,652.7669369219951,2761,2.7616,656.7317811343469,6
699ed9987d1bd36d26708639,cmj,ok,True,,1580,1.5764,2096.3938990023935,1618,1.6143,499.79861923759034,1664,1.6602,795.5788165609788,1908,1.9036,742.6639704705632,1912,1.9076,737.9100231686276,1973,1.9684,709.8329123116487,6
699ed9b57d1bd36d2670863a,cmj,ok,True,,1533,1.512,4843.804010886899,1720,1.6964,1719.5510687786623,1977,1.9499,10436.303240182764,2217,2.1866,8912.399500769969,2626,2.59,785.4879291599389,2686,2.6492,752.1297347915183,6
699ed9c17d1bd36d2670863b,cmj,ok,True,,1107,1.0997,4984.321992011209,1318,1.3094,2278.420311162277,1630,1.6193,10375.384949129073,1878,1.8657,8943.085902247147,1982,1.969,785.7506958139369,2316,2.3008,755.831175526561,6
699eda5c7d1bd36d2670863e,cmj,ok,True,,1134,1.1342,5805.939315461913,1339,1.3393,3203.399208776052,1875,1.8754,11424.765768468493,2508,2.5085,17882.758627075473,2809,2.8096,3911.2205226237747,2868,2.8686,3908.399651901145,6
699eda6a7d1bd36d2670863f,cmj,ok,True,,1587,1.5864,684.5963971675559,1601,1.6004,574.1686421802412,1915,1.9142,795.9971629215538,2081,2.0802,14719.51061574704,2408,2.407,3466.949948967288,2500,2.499,3468.1725661547475,6
699edaaa7d1bd36d26708640,cmj,ok,True,,1179,1.1762,5748.735105717737,1462,1.4585,3892.537623241675,1808,1.8037,9742.742111988711,2015,2.0102,11418.49220312846,2127,2.1219,870.3120595278451,2523,2.517,862.6159069425227,6
699edab67d1bd36d26708641,cmj,ok,True,,1694,1.691,3279.805275887938,1718,1.7149,964.8326690825478,,,,,,,1721,1.7179,817.9294225402733,2145,2.1411,788.0660942710819,4
699ff6117d1bd36d26708644,cmj,ok,True,,1580,1.5637,7733.589576663855,1736,1.7181,1984.0341522112087,2017,1.9962,15818.024968880834,2171,2.1487,15352.536709243072,2610,2.5831,326.06256071697993,2665,2.6376,296.9207926241852,6
699ff6507d1bd36d26708645,cmj,ok,True,,565,0.5722,8931.145295021597,782,0.7919,5302.325181527583,1023,1.036,22988.274641116728,,,,1200,1.2152,867.6190294410663,1552,1.5717,859.4444501412629,5
699ffe347d1bd36d26708647,cmj,ok,True,,1683,1.6898,6586.939568635523,1921,1.9287,4429.111395181751,2293,2.3022,14130.426155515666,2436,2.4458,13175.249794786896,2553,2.5633,666.0120755964136,2956,2.9679,683.8141373591578,6
699ffe627d1bd36d26708648,cmj,ok,True,,1205,1.2128,6309.942542034714,1321,1.3295,1356.2984466134494,1627,1.6375,15145.184311744615,1768,1.7794,13370.47672523823,1882,1.8941,684.5792085029575,2314,2.3289,700.0263507053139,6
699ffe797d1bd36d26708649,cmj,ok,True,,1767,1.7638,6507.575082230187,1928,1.9245,2849.8726004499663,2237,2.233,14833.953556773613,2390,2.3857,13953.975655475748,2509,2.5045,684.9672977275137,2972,2.9667,587.2967317610053,6
699ffea17d1bd36d2670864a,cmj,ok,True,,1053,1.0506,6360.105838422399,1293,1.2901,4221.387179590421,1594,1.5904,15029.50820206702,2415,2.4096,20231.622828406867,2667,2.661,3445.8813254547017,2713,2.7069,3443.9570788104093,6
699ffecf7d1bd36d2670864b,cmj,ok,True,,496,0.4997,6054.941398545191,674,0.6791,5278.965465127012,983,0.9904,12344.906102803863,1168,1.1768,15108.062562595342,1275,1.2846,663.6636829613018,1730,1.743,696.8657277830793,6
699ffeee7d1bd36d2670864c,cmj,ok,True,,1615,1.6131,1715.120176105672,1624,1.622,870.4140520992758,,,,,,,1627,1.625,660.9028495401031,2071,2.0685,593.08972358332,4
69a000d97d1bd36d26708651,cmj,ok,True,,1945,1.9268,5367.096155888368,2054,2.0347,2296.154356235651,2238,2.217,19287.839842333273,,,,2369,2.3468,545.5993089368295,2740,2.7143,549.2940016175852,5
69a001227d1bd36d26708652,cmj,ok,True,,1703,1.7123,5388.302097069228,1838,1.848,3225.19931182862,2178,2.1898,12832.513994286328,,,,2357,2.3698,564.9361331065768,2762,2.777,562.6724068290463,5
69a001927d1bd36d26708653,cmj,ok,True,,1330,1.3362,5330.732832599371,1461,1.4678,3197.081562684889,1979,1.9882,11696.063758399909,,,,2089,2.0987,561.3241278352264,2488,2.4995,546.4904710554298,5
69a001aa7d1bd36d26708654,cmj,ok,True,,1391,1.3868,5389.408115353888,1518,1.5135,2677.0159523461057,1892,1.8863,11417.392658566783,1973,1.9671,11905.005001200903,2079,2.0728,571.855593295364,2471,2.4636,551.2953098489884,6
69a004f17d1bd36d2670865c,cmj,ok,True,,1430,1.4263,7390.727630761236,1565,1.5609,2064.3090991957138,1873,1.8681,16986.510478903274,2020,2.0148,16587.930860753106,2123,2.1175,755.5735913169975,2612,2.6052,708.2540874147286,6
69a0058a7d1bd36d2670865d,cmj,ok,True,,1130,1.1339,7324.633405769473,1255,1.2593,1926.685888647966,1564,1.5694,16908.7375627496,2426,2.4343,23577.705191281526,2908,2.918,5086.92809766358,2988,2.9982,5086.459984667147,6
69a0059d7d1bd36d2670865e,cmj,ok,True,,1662,1.666,7475.052145531604,1815,1.8194,1827.5662109836235,2082,2.087,17432.990098105376,2264,2.2695,17523.20502200099,2363,2.3687,770.752143497245,2902,2.909,721.509756224348,6
69a005c37d1bd36d2670865f,cmj,ok,True,,1679,1.6783,7037.609535145366,1821,1.8203,2195.853626440224,2111,2.1102,16578.38947378962,2352,2.3511,16970.869936271134,2452,2.451,734.8380923135971,3000,2.9988,680.9239482300211,6
69a006d17d1bd36d26708663,cmj,ok,True,,1745,1.7391,8854.938290292668,1882,1.8756,4013.107820304648,2162,2.1547,21887.60465962775,2328,2.3201,20511.797595887117,2423,2.4148,925.4397616328475,2894,2.8842,793.0140419082948,6
69a006fa7d1bd36d26708664,cmj,ok,True,,1800,1.7825,9023.202280650205,1915,1.8964,2620.3713927053013,2211,2.1895,23363.426003498822,2341,2.3182,21020.595021511137,2443,2.4192,929.2018532019448,2917,2.8886,877.7230137582249,6
69a0070e7d1bd36d26708665,cmj,ok,True,,1254,1.2455,9048.557159741928,1393,1.3836,2378.241211049203,1650,1.6388,23072.284367434313,1803,1.7908,20702.49574530782,1901,1.8881,919.1666645480606,2390,2.3738,940.3857845564442,6
69a0075e7d1bd36d26708666,cmj,ok,True,,1436,1.4429,8918.241535787523,1541,1.5484,3623.916177995268,1821,1.8298,26613.665350624524,,,,1980,1.9896,845.1298451455523,2448,2.4598,930.2143874538015,5
69a007927d1bd36d26708667,cmj,ok,True,,1269,1.2649,9157.04325221346,1386,1.3816,4492.5231624141425,1687,1.6816,19829.060506961952,1903,1.8969,23962.847178016367,2000,1.9936,973.048351801988,2530,2.5219,888.6750061940365,6
69a007b37d1bd36d26708668,cmj,ok,True,,1439,1.4335,8817.156033169891,1624,1.6178,5276.823647268836,2084,2.0761,24774.842903244127,2820,2.8093,35326.51183857947,3004,2.9926,4908.810302289452,3081,3.0693,4917.514203867231,6
69a009557d1bd36d2670866c,cmj,ok,True,,1592,1.5825,6385.873130865059,1747,1.7366,2854.718826177991,2127,2.1143,15414.873102646588,,,,2307,2.2932,631.912025714554,2781,2.7644,568.055370756553,5
69a0096a7d1bd36d2670866d,cmj,ok,True,,1501,1.4938,6397.791776625419,1637,1.6292,2809.758652520442,1937,1.9277,16401.636396889695,,,,2144,2.1337,643.0642947200727,2607,2.5945,653.4356234516695,5
69a009747d1bd36d2670866e,cmj,ok,True,,1402,1.3884,6391.729427630729,1538,1.5231,3405.6651895055556,1907,1.8885,15471.016856039625,,,,2096,2.0757,639.111925239073,2557,2.5322,619.3682518862735,5
69a009847d1bd36d2670866f,cmj,ok,True,,1339,1.3366,6381.6740914657785,1468,1.4654,2565.2599995280725,1784,1.7808,16181.734228692063,1877,1.8736,15409.77115317328,1987,1.9834,671.7365235558834,2452,2.4476,656.8722526980607,6
69a009ba7d1bd36d26708670,cmj,ok,True,,1362,1.3864,631.8522858231387,,,,,,,,,,1363,1.3874,568.2035120916893,1861,1.8943,570.0732292875451,3
69a009d87d1bd36d26708671,cmj,ok,True,,1136,1.136,4564.145169889936,1218,1.218,2664.3807660995712,1643,1.643,15728.064130333014,2365,2.365,20883.565330190653,2842,2.842,3223.2263075865235,2858,2.858,3224.5026782700475,6
69a009f37d1bd36d26708672,cmj,ok,True,,1511,1.4895,6283.065023133521,1663,1.6394,3464.4477899841104,1972,1.944,14533.249609964614,2127,2.0968,15485.288741284368,2693,2.6547,673.5741794800667,2757,2.7178,558.9595389071508,6
69a00b1d7d1bd36d26708679,cmj,ok,True,,1952,1.9334,5079.976065011674,2050,2.0304,4792.244129605429,2061,2.0413,4792.949401836811,2475,2.4514,11833.79594709231,2904,2.8763,539.1672032186298,2964,2.9357,502.7818790445564,6
69a00b277d1bd36d2670867a,cmj,ok,True,,1756,1.7564,5079.076176458967,1969,1.9694,3887.690322624917,2271,2.2715,10612.796915936353,,,,2508,2.5085,541.1274606814603,2832,2.8326,520.6631032865198,5
69a00b4c7d1bd36d2670867b,cmj,ok,True,,1545,1.5428,5093.947026138287,1705,1.7026,3276.316610527173,2003,2.0002,11629.224535740728,,,,2240,2.2369,528.785196051446,2568,2.5644,543.8939495784151,5
69a00b607d1bd36d2670867c,cmj,ok,True,,1646,1.6254,5118.988680247107,1756,1.7341,1791.2668869757545,1973,1.9484,13556.823091000908,2622,2.5893,14503.585731272471,2892,2.8559,2739.218570056144,2905,2.8687,2739.1123642371304,6
69a00cdf7d1bd36d26708685,cmj,ok,True,,1938,1.9361,6333.4202947962785,2055,2.0529,2856.7335522535836,2389,2.3866,14375.910383521117,,,,2608,2.6054,657.5967101410578,2885,2.8821,632.4093980603145,5
69a00cea7d1bd36d26708686,cmj,ok,True,,1690,1.7064,6267.012842630452,1807,1.8245,1797.1719684076793,2075,2.0951,15742.349283898464,,,,2267,2.289,644.1172837001443,2587,2.6121,655.8260358346843,5
69a00d027d1bd36d26708687,cmj,ok,True,,1787,1.7756,6324.913288034964,1945,1.9326,2526.315347895429,2188,2.1741,17237.370496548258,,,,2364,2.3489,625.3928479888654,2752,2.7345,619.9292315122616,5
69a00d257d1bd36d2670868c,cmj,ok,True,,1789,1.8131,6333.027029232373,1916,1.9418,1723.4892095960317,2235,2.2651,14966.885819084859,2429,2.4617,12717.67862965006,2531,2.5651,645.2881264106048,2931,2.9705,656.8530460529538,6
69a00d327d1bd36d2670868e,cmj,ok,True,,2182,2.1455,6321.525119549642,2314,2.2753,1320.0339520159796,2616,2.5722,15347.369275542544,2831,2.7836,12083.315559988547,2932,2.8829,670.0029435829516,3351,3.2949,616.7278801929016,6
69a00d5a7d1bd36d2670868f,cmj,ok,True,,1770,1.7696,6273.467034290297,1906,1.9056,1253.602953155251,2191,2.1906,15215.17596304655,2357,2.3565,12596.811212179953,2459,2.4585,634.3917512157842,2851,2.8504,615.5517012989607,6
69a00d727d1bd36d26708690,cmj,ok,True,,1505,1.5017,6282.694296866621,1633,1.6294,1762.3665181421081,1995,1.9906,13766.776714202108,2841,2.8348,22953.27586369718,2986,2.9794,4351.729715703171,3039,3.0323,4337.280623222817,6
69a00e3f7d1bd36d26708696,cmj,ok,True,,2351,2.3576,4001.4384972098405,2512,2.5191,3561.468608593323,2739,2.7467,9707.023658150034,,,,2906,2.9142,639.7367009401645,3262,3.2712,605.956736011735,5
69a00e5e7d1bd36d26708697,cmj,ok,True,,1760,1.7586,3966.8972470966687,1944,1.9424,3159.3078450527637,2198,2.1962,8780.840796668235,,,,2443,2.441,632.3843207097301,2817,2.8147,604.2587302606391,5
69a00e6a7d1bd36d26708698,cmj,ok,True,,1648,1.6473,3978.93367382752,1837,1.8363,3335.1455104062184,2127,2.1261,9394.924963411639,2612,2.611,661.8345740982818,2617,2.616,649.7125032027365,2683,2.6819,610.4021175507829,6
69a00ec17d1bd36d26708699,cmj,ok,True,,1288,1.2914,3986.579833096457,1572,1.5761,2809.687833302475,1788,1.7927,8964.937254226099,2003,2.0082,7308.214851199982,2423,2.4293,643.3758953230512,2488,2.4945,597.4098136512321,6
69a00ecd7d1bd36d2670869a,cmj,ok,True,,1508,1.5116,3955.3037290497637,1645,1.649,2044.7016751363287,1918,1.9226,8427.654855482613,2114,2.1191,7119.376038119864,2499,2.505,638.7355247164936,2563,2.5692,578.9028211376201,6
69a00fdd7d1bd36d2670869e,cmj,ok,True,,1004,1.0024,3601.758228120264,1033,1.0313,3501.271999874489,1762,1.7592,8039.839058114842,2374,2.3702,13791.358257829497,2594,2.5899,908.4465483536286,2645,2.6408,890.1034291980827,6
69a010047d1bd36d2670869f,cmj,ok,True,,1343,1.3263,3944.2280015215797,1425,1.4072,3734.8698009041736,1835,1.8121,8491.868438836667,2005,1.98,8407.685886503657,2495,2.4639,647.9679947107624,2555,2.5232,553.6146511368455,6
69a010477d1bd36d267086a0,cmj,ok,True,,1260,1.2567,3965.6380900827207,1293,1.2896,3850.2093072695484,1456,1.4522,6758.094423447225,2118,2.1125,8651.159979721237,2565,2.5583,653.0173157276868,2627,2.6202,579.9256628483694,6
69a010627d1bd36d267086a1,cmj,ok,True,,1741,1.7431,3970.367488244132,1891,1.8933,1964.8459741962859,2119,2.1216,9475.843886150104,2276,2.2787,8046.078861545434,2724,2.7273,646.501043595882,2794,2.7974,646.8223987974295,6
69a011c57d1bd36d267086a2,cmj,ok,True,,1866,1.8777,4789.4012918318085,1968,1.9803,2853.291722977487,2365,2.3798,10528.274958653625,2511,2.5267,10023.339148711326,2707,2.7239,526.0866308774887,2979,2.9976,482.91582812619407,6
69a011e27d1bd36d267086a3,cmj,ok,True,,1276,1.2724,4680.921365713796,1382,1.3781,2355.6610701547197,1822,1.8169,10491.571150123858,1959,1.9535,9762.396052971366,2369,2.3624,536.5232851265602,2429,2.4222,483.9208017186228,6
69a0127f7d1bd36d267086a7,cmj,ok,True,,1803,1.8106,4882.280022297613,1873,1.8809,3911.6273975059958,1941,1.9492,4276.806379190458,2545,2.5558,9234.292604615539,2660,2.6713,797.4723249254957,2949,2.9615,758.7550358639056,6
69a0129a7d1bd36d267086a8,cmj,ok,True,,2088,2.0801,4925.724010469533,2172,2.1638,2610.1686089575296,2623,2.6131,9294.215413373166,2708,2.6977,9338.639749749547,3051,3.0394,533.1705392632336,3106,3.0942,470.91729162221856,6
69a012b27d1bd36d267086a9,cmj,ok,True,,2084,2.0761,4880.426472932531,2169,2.1608,3112.5130076436917,2532,2.5224,10013.49857545369,2638,2.628,9479.05448647788,2990,2.9787,530.3745085354251,3041,3.0295,509.2467603786086,6
69a0133a7d1bd36d267086ac,cmj,ok,True,,1718,1.7153,3417.9590470603925,1777,1.7742,354.9418903243524,1825,1.8221,550.2260262454521,2225,2.2214,13294.421489591425,2401,2.3972,3336.0383723633327,2537,2.5329,3364.353095131973,6
69a0134e7d1bd36d267086ad,cmj,ok,True,,1931,1.9318,5019.653146190529,2076,2.0768,2226.648021044193,2380,2.381,11382.20180905769,2527,2.528,9461.73583656961,2945,2.9462,538.1628716931449,3005,3.0062,526.6499538215306,6
69a0144b7d1bd36d267086b0,cmj,ok,True,,1775,1.775,6067.047220941835,1878,1.878,1731.1449806613357,2152,2.152,16147.487973446341,,,,2306,2.306,637.1045614074185,2698,2.698,628.7682825124381,5
69a014597d1bd36d267086b1,cmj,ok,True,,1904,1.9132,6073.1970384003625,2027,2.0368,1825.7827008492413,2316,2.3272,14753.349347583664,,,,2502,2.5141,590.7245703499088,2913,2.9271,639.1557288300788,5
69a014887d1bd36d267086b2,cmj,ok,True,,1875,1.8784,6040.433377266951,1989,1.9926,1165.179387877757,2240,2.244,16066.211543472686,,,,2443,2.4474,603.662236316078,2861,2.8662,591.8787035490622,5
69a016147d1bd36d267086b8,cmj,ok,True,,746,0.7442,5521.730694665634,782,0.7801,711.8339322279886,,,,,,,785,0.7831,546.9334634907368,1167,1.1642,545.9990510063828,4
69a0162a7d1bd36d267086b9,cmj,ok,True,,1794,1.7922,5609.1607480897665,1920,1.9181,4374.7547388763005,2228,2.2258,17666.219463334775,2687,2.6843,630.437884267229,2697,2.6943,598.9733533525255,2758,2.7552,572.8411486942407,6
69a016387d1bd36d267086ba,cmj,ok,True,,2163,2.177,5672.26089664372,2336,2.3511,4387.488616507399,2549,2.5655,17554.41622716739,2962,2.9811,622.5011538922676,2970,2.9892,597.8361750511784,3030,3.0496,543.5697260404063,6
69a018a77d1bd36d267086bf,cmj,ok,True,,1693,1.6933,4962.482113421713,1806,1.8064,1407.167215696538,2127,2.1274,11044.507375960033,2260,2.2605,10876.377743153313,2753,2.7536,512.9679712697279,2803,2.8036,451.53332978402744,6
69a018b37d1bd36d267086c0,cmj,ok,True,,1860,1.8537,4905.949564645989,1989,1.9822,676.0303241175492,2255,2.2473,10968.852957047247,2412,2.4038,10743.103529657625,2882,2.8722,529.8278572045743,2946,2.936,466.8280381304189,6
69a018c17d1bd36d267086c1,cmj,ok,True,,1183,1.1792,4874.505325788616,1294,1.2898,1699.8930319052058,1743,1.7374,10959.039226438392,2372,2.3644,16901.44264271882,2537,2.5288,3371.3427686171435,2616,2.6076,3382.9506520001287,6
69a0196e7d1bd36d267086c5,cmj,ok,True,,1439,1.4376,4735.582431476158,1543,1.5415,1243.5119000300965,1925,1.9231,9705.78369763741,2066,2.0639,9350.963475146447,2502,2.4995,511.37549788542,2570,2.5674,488.57013928022633,6
69a019897d1bd36d267086c6,cmj,ok,True,,1583,1.577,4723.81811927973,1691,1.6846,1597.2872841468572,2164,2.1558,9809.318067222717,2773,2.7625,12275.113423440507,3063,3.0514,3317.5563952427538,3160,3.148,3319.298545941994,6
69a019937d1bd36d267086c7,cmj,ok,True,,1162,1.1581,4704.9243161557815,1266,1.2617,2069.25868881812,1762,1.756,9842.29861701897,2381,2.3729,11866.901184922315,2629,2.6201,2550.6810018619913,2717,2.7078,2528.8780232008203,6
69a024279eed9d3f2a5187a0,cmj,ok,True,,1613,1.614,5603.725584119006,1732,1.733,654.598364828033,2003,2.0042,12349.25661851633,2279,2.2804,9994.878360569663,2380,2.3814,559.0043678576599,2763,2.7647,580.8254804849905,6
69a0245e9eed9d3f2a5187a1,cmj,ok,True,,1855,1.8487,5661.043005346077,2002,1.9952,3413.7400228653114,2291,2.2832,13347.481176787884,2404,2.3958,12487.609998752841,2877,2.8672,603.491970571533,2935,2.925,557.4930714065708,6
69a0246d9eed9d3f2a5187a2,cmj,ok,True,,1416,1.4118,5646.736392449337,1564,1.5593,1418.6314936925933,1760,1.7547,14324.226033904672,2482,2.4746,16945.534597012604,2716,2.7079,3893.4589368097404,2823,2.8146,3888.6256907846455,6
69a02e5a6ec7b67d7d87537d,cmj,ok,True,,1283,1.2817,6784.674347144245,1507,1.5055,4608.663948189518,1919,1.9171,14672.620532805058,2813,2.8102,20823.60411772499,3076,3.0729,4747.57069112569,3162,3.1588,4754.239418170817,6
69a02e746ec7b67d7d87537e,cmj,ok,True,,1281,1.2761,7007.144221594844,1413,1.4076,1965.8932792674518,2058,2.0502,14749.342126137066,2733,2.7226,22367.490130432117,2964,2.9527,4802.520132395538,3043,3.0314,4801.621617311287,6
69a02e946ec7b67d7d87537f,cmj,ok,True,,1637,1.6272,6613.63074150687,1731,1.7207,2411.7871218848086,2066,2.0537,17726.840613177563,2771,2.7545,25065.689889584373,3012,2.994,3714.820412319072,3070,3.0517,3710.0056537709484,6
69a02f476ec7b67d7d875384,cmj,ok,True,,1840,1.8418,5929.902804756056,2000,2.002,2581.645635234602,2292,2.2943,14436.08890234133,2421,2.4234,12546.61412253582,2917,2.9199,625.2630986697335,2974,2.977,546.4016872834354,6
69a02f616ec7b67d7d875385,cmj,ok,True,,1049,1.0465,5964.4950237800385,1205,1.2021,1570.3414825567675,1434,1.4306,15868.310057826633,,,,1656,1.652,627.8896892868603,2117,2.1119,580.8012597218053,5
69a02f6f6ec7b67d7d875386,cmj,ok,True,,1542,1.5371,5863.968256273595,1723,1.7175,2435.8580621450715,2000,1.9936,15138.691508080106,2137,2.1302,12617.939601770093,2641,2.6326,628.097703780352,2706,2.6974,601.9456275541181,6
69a030256ec7b67d7d87538b,cmj,ok,True,,1295,1.2979,708.609206157859,1316,1.3189,10.333539053798477,1664,1.6677,684.9357621162427,1830,1.834,23121.64446414134,1992,1.9964,2915.5618875539976,2082,2.0866,2910.82553371668,6
69a0303f6ec7b67d7d87538c,cmj,ok,True,,1432,1.4352,2793.199348044137,1469,1.4722,-72.31010133234358,1844,1.8481,610.4573358263526,2013,2.0174,24727.90815652242,2204,2.2089,4510.103081763175,2316,2.3211,4505.14482692975,6
69a0304b6ec7b67d7d87538d,cmj,ok,True,,771,0.7669,6653.99583772313,893,0.8882,3214.7938301038616,1171,1.1647,19606.668039977347,1919,1.9087,24980.421273487453,2104,2.0927,3396.862205292297,2204,2.1921,3401.641911495461,6
69a030796ec7b67d7d87538e,cmj,ok,True,,1644,1.6368,7087.524719138537,1774,1.7662,5360.2161446159935,2231,2.2212,18773.16000186049,,,,2395,2.3845,727.2841728965144,2841,2.8285,687.0265749191159,5
69a030966ec7b67d7d87538f,cmj,ok,True,,1887,1.8912,7061.134779146588,2035,2.0395,3089.4954620195954,2294,2.2991,20354.07036855216,,,,2477,2.4825,739.6431111950028,2943,2.9495,677.0006251610255,5
69a031fd6ec7b67d7d875394,cmj,ok,True,,1688,1.6836,5816.163718959125,1849,1.8442,3859.585235467306,2369,2.3629,14168.29442217785,,,,2494,2.4875,603.9879682228745,2902,2.8945,594.8247673846347,5
69a0320c6ec7b67d7d875395,cmj,ok,True,,1767,1.7702,5869.099318498499,1919,1.9225,1476.789333916545,2204,2.208,16077.951101457249,,,,2365,2.3693,625.6206002020444,2838,2.8431,597.0393861789105,5
69a0323f6ec7b67d7d875396,cmj,ok,True,,1855,1.8524,5928.820800933352,2001,1.9982,1485.631435725552,2411,2.4076,14542.803932293971,,,,2530,2.5265,607.5989365255318,3002,2.9978,625.4664292922114,5
69a0325a6ec7b67d7d875397,cmj,ok,True,,1865,1.8479,5837.138299324426,2006,1.9876,1313.293400738356,2297,2.2759,13981.24425132881,2464,2.4414,13177.790894897696,2577,2.5533,593.5107450925922,3011,2.9833,612.8168422171287,6
69a0328a6ec7b67d7d875398,cmj,ok,True,,1991,1.9886,5810.039527297719,2148,2.1454,1573.8708635054973,2420,2.4171,17883.397054316283,,,,2549,2.5459,568.609821730626,3001,2.9974,593.9677009375456,5
69a032976ec7b67d7d875399,cmj,ok,True,,2147,2.1299,5833.670199671935,2286,2.2677,940.8628602378416,2576,2.5554,16679.26882525299,,,,2719,2.6973,607.5222140182806,3162,3.1367,553.7548295240323,5
69a032cc6ec7b67d7d87539a,cmj,ok,True,,1761,1.7564,5695.331645475105,1911,1.906,2705.0895412708956,2241,2.2352,13131.204044461345,2438,2.4317,14594.559928320543,2548,2.5414,609.7954597965565,3027,3.0191,618.4031800270208,6
69a032d96ec7b67d7d87539b,cmj,ok,True,,1749,1.748,5737.732731714342,1963,1.9618,2479.158772171544,2269,2.2676,13372.419094970806,2470,2.4685,14823.654203049788,2577,2.5755,583.7183512934479,3101,3.0991,584.728154022029,6
69a032e76ec7b67d7d87539c,cmj,ok,True,,1804,1.8022,5747.822323892709,2020,2.018,2217.687365571233,2304,2.3017,13479.625141175511,2474,2.4715,14653.99646952128,2586,2.5834,590.3790255011555,3081,3.0779,579.2997995654509,6
69a033a86ec7b67d7d8753a1,cmj,ok,True,,2216,2.1997,5872.968305046986,2343,2.3258,1615.3814748722696,2735,2.7149,14196.597434063982,3230,3.2062,723.4641635713906,3243,3.2191,614.9384141066894,3298,3.2737,548.665372220046,6
69a033c86ec7b67d7d8753a2,cmj,ok,True,,1449,1.4528,5881.972061858143,1575,1.5791,1596.3630046094215,1875,1.8799,15027.387218257416,2453,2.4594,680.2670567529909,2463,2.4694,623.8310318492462,2521,2.5276,579.4562861039897,6
69a033d26ec7b67d7d8753a3,cmj,ok,True,,1876,1.8704,5803.868217297743,1997,1.991,1336.0166851316333,2269,2.2622,15288.074717693513,2829,2.8205,690.5550613540673,2841,2.8325,608.883967448368,2895,2.8863,523.7969273950077,6
69a033ec6ec7b67d7d8753a4,cmj,ok,True,,698,0.6965,5567.878795945653,815,0.8132,1184.942587046765,1112,1.1096,14382.637095318549,1226,1.2233,13585.595277584425,1714,1.7102,560.1248028253179,1769,1.7651,502.88484714052174,6
69a033f76ec7b67d7d8753a5,cmj,ok,True,,1622,1.6181,5873.935170585905,1780,1.7757,1926.9902455326062,2107,2.102,12845.180974636585,2278,2.2725,13652.450266373466,2820,2.8132,619.9908080409966,2875,2.8681,572.5661769496412,6
69a03b316ec7b67d7d8753aa,cmj,ok,True,,1612,1.6139,9975.504222501142,1816,1.8182,5550.891816288932,2099,2.1015,22329.344579770095,,,,2386,2.3889,1060.1660554081848,2764,2.7673,1040.0422789647146,5
69a03b676ec7b67d7d8753ab,cmj,ok,True,,1864,1.8603,10151.743885516516,1965,1.9611,3175.3544483466794,2209,2.2046,27732.141048914564,,,,2393,2.3882,414.78446582586076,2443,2.4381,426.9738560250714,5
69a03bb56ec7b67d7d8753ac,cmj,ok,True,,1880,1.8762,10093.883130165406,2103,2.0988,5094.266209016174,2373,2.3683,22461.574308322237,,,,2669,2.6637,1004.9480788791107,3055,3.0489,1023.8386470296291,5
69a03bc46ec7b67d7d8753ad,cmj,ok,True,,2079,2.0773,10053.657859945895,2264,2.2622,4472.894831307256,2528,2.526,23022.42481130274,,,,2815,2.8127,1018.2898162886981,3202,3.1994,1040.9450854342883,5
69a03bf96ec7b67d7d8753ae,cmj,ok,True,,1703,1.6959,9898.030185130297,1859,1.8512,7519.895513115536,2291,2.2814,20273.20071223032,2503,2.4925,21514.986891781544,2618,2.607,973.1056199872166,3056,3.0432,1013.0305857245369,6
69a03c0f6ec7b67d7d8753af,cmj,ok,True,,1075,1.0694,9775.11641868384,1172,1.1659,8287.592364470484,1871,1.8613,21593.425571634485,2576,2.5626,27347.088123554066,3879,3.8589,1049.1531062965655,4555,4.5313,1049.232927252284,6
699d73678e59d198a5550882,sj,ok,True,,,,,,,,,,,,,,1931,2.3015,429.49656841307547,2228,2.6555,550.8417371746178,8
699d73af8e59d198a5550883,sj,ok,True,,,,,,,,,,,,,,1589,1.8164,420.2988292230108,1902,2.1741,671.2129564668257,5
699d73fd8e59d198a5550884,sj,ok,True,,,,,,,,,,,,,,3105,3.1,412.0649685023301,3216,3.2109,647.9395563793132,5
699d7af78e59d198a5550888,sj,ok,True,,,,,,,,,,,,,,1674,1.9782,372.54467789030184,1897,2.2417,537.3493297290667,5
699d7b128e59d198a5550889,sj,ok,True,,,,,,,,,,,,,,1951,2.1216,381.01568426704017,2169,2.3587,569.03578331424,5
699d89f18e59d198a555088d,sj,ok,True,,,,,,,,,,,,,,2524,2.5058,297.95519184463006,3012,2.9903,460.3069149105205,8
699d89fe8e59d198a555088f,sj,ok,True,,,,,,,,,,,,,,2411,2.4012,323.14418392130614,2851,2.8394,483.37892438789083,5
699d8bb48e59d198a555089e,sj,ok,True,,,,,,,,,,,,,,,,,,,,2
699d8bcb8e59d198a555089f,sj,ok,True,,,,,,,,,,,,,,2700,2.6984,293.902434404577,3116,3.1141,445.96554347922796,8
699d8bd88e59d198a55508a0,sj,ok,True,,,,,,,,,,,,,,2135,2.113,293.8935280374228,2166,2.1437,452.9156635922577,5
699d8e9c8e59d198a55508a1,sj,ok,True,,,,,,,,,,,,,,1657,1.6587,381.2285672390337,2032,2.034,615.7280223035884,5
699d91bf8e59d198a55508a5,sj,ok,True,,,,,,,,,,,,,,2554,2.5591,316.5803833849338,3075,3.0812,514.2607855417489,8
699d921e8e59d198a55508a6,sj,ok,True,,,,,,,,,,,,,,2636,2.6381,348.7245359353745,3164,3.1665,519.8382576583883,5
699d923b8e59d198a55508a7,sj,ok,True,,,,,,,,,,,,,,3056,3.056,276.6553547215384,3534,3.534,469.671868393135,5
699d93708e59d198a55508ac,sj,ok,True,,,,,,,,,,,,,,2034,2.0299,266.9862961359637,2479,2.474,408.8698220079025,8
699d93bb8e59d198a55508ad,sj,ok,True,,,,,,,,,,,,,,2357,2.3537,279.6756688979794,2781,2.7771,434.7508517146288,5
699ead5431a30c1a20992f76,sj,ok,True,,,,,,,,,,,,,,,,,,,,2
699ead6731a30c1a20992f77,sj,ok,True,,,,,,,,,,,,,,,,,,,,2
699eae2431a30c1a20992f7c,sj,ok,True,,,,,,,,,,,,,,2349,2.3699,295.0343274730911,2387,2.4082,472.5963756907204,5
699eae4931a30c1a20992f7d,sj,ok,True,,,,,,,,,,,,,,2754,2.7381,316.4491660088132,3110,3.0921,455.6198988130952,5
699eaef331a30c1a20992f81,sj,ok,True,,,,,,,,,,,,,,1835,1.839,329.6872494671725,2265,2.27,471.193203565275,5
699eaf0331a30c1a20992f82,sj,ok,True,,,,,,,,,,,,,,1658,1.6563,374.39944031812905,2124,2.1219,581.8401241980647,5
699eb57b31a30c1a20992f89,sj,ok,True,,,,,,,,,,,,,,2703,2.6789,325.0750787338913,3091,3.0634,482.4221506887741,5
699eb58b31a30c1a20992f8a,sj,ok,True,,,,,,,,,,,,,,2292,2.2897,326.44297858590727,2648,2.6453,507.2818988123661,5
699eb59a31a30c1a20992f8b,sj,ok,True,,,,,,,,,,,,,,,,,,,,2
699eb5cb31a30c1a20992f8c,sj,ok,True,,,,,,,,,,,,,,,,,,,,2
699eb5f231a30c1a20992f8d,sj,ok,True,,,,,,,,,,,,,,2193,2.2165,326.7459579496239,2548,2.5753,496.8826616613814,5
699eb60331a30c1a20992f8e,sj,ok,True,,,,,,,,,,,,,,,,,,,,2
699ebff631a30c1a20992f95,sj,ok,True,,,,,,,,,,,,,,2554,2.5453,351.4292725495996,3112,3.1014,492.2927560675756,5
699ec00231a30c1a20992f96,sj,ok,True,,,,,,,,,,,,,,2432,2.4379,356.98741118761717,2920,2.927,470.1475752435309,5
699ec0c231a30c1a20992f9a,sj,ok,True,,,,,,,,,,,,,,,,,,,,2
699ec0e631a30c1a20992f9b,sj,ok,True,,,,,,,,,,,,,,,,,,,,2
699ec15131a30c1a20992f9c,sj,ok,True,,,,,,,,,,,,,,,,,,,,2
699ec3c231a30c1a20992fa1,sj,ok,True,,,,,,,,,,,,,,1598,1.5996,445.2385736937353,2029,2.031,715.8408182613351,5
699ec3cd31a30c1a20992fa2,sj,ok,True,,,,,,,,,,,,,,,,,,,,2
699ec3f531a30c1a20992fa3,sj,ok,True,,,,,,,,,,,,,,,,,,,,2
699ec40e31a30c1a20992fa4,sj,ok,True,,,,,,,,,,,,,,1745,1.7496,425.3372487419698,2152,2.1577,658.9898583413847,5
699ec42b31a30c1a20992fa5,sj,ok,True,,,,,,,,,,,,,,1938,1.933,395.415721863673,2329,2.323,618.1797326292357,5
699ec4b831a30c1a20992faa,sj,ok,True,,,,,,,,,,,,,,2775,2.7639,276.46909295082287,3292,3.2788,406.2849991682982,5
699ec4da31a30c1a20992fab,sj,ok,True,,,,,,,,,,,,,,2276,2.276,276.5679423842248,2760,2.76,427.1526600130716,5
699ec53e31a30c1a20992fac,sj,ok,True,,,,,,,,,,,,,,2160,2.1531,278.48188882712236,2604,2.5957,423.27089462447515,5
699ec55231a30c1a20992fad,sj,ok,True,,,,,,,,,,,,,,1964,1.9648,279.17404905507954,2447,2.448,442.59272720769826,5
699ec56b31a30c1a20992fae,sj,ok,True,,,,,,,,,,,,,,2057,2.0504,291.25473996905845,2540,2.5319,439.9246811125953,5
699ec57531a30c1a20992faf,sj,ok,True,,,,,,,,,,,,,,2057,2.0484,277.5683267975872,2541,2.5304,399.847112677657,5
699ec81c31a30c1a20992fb3,sj,ok,True,,,,,,,,,,,,,,2685,2.6812,322.52809508008687,2710,2.7062,483.5576721977631,5
699ec85d31a30c1a20992fb4,sj,ok,True,,,,,,,,,,,,,,2024,2.0163,317.95716261073613,2375,2.366,475.70029383415795,5
699ec88131a30c1a20992fb5,sj,ok,True,,,,,,,,,,,,,,1656,1.6557,327.6418780032757,1998,1.9976,529.4546866565668,5
699eda0a7d1bd36d2670863c,sj,ok,True,,,,,,,,,,,,,,,,,,,,2
699eda177d1bd36d2670863d,sj,ok,True,,,,,,,,,,,,,,,,,,,,0
699edae57d1bd36d26708642,sj,ok,True,,,,,,,,,,,,,,,,,,,,2
699edaf27d1bd36d26708643,sj,ok,True,,,,,,,,,,,,,,,,,,,,2
699ff66e7d1bd36d26708646,sj,ok,True,,,,,,,,,,,,,,,,,,,,2
699fff397d1bd36d2670864d,sj,ok,True,,,,,,,,,,,,,,2696,2.6719,311.79417786991337,3102,3.0743,461.5966614884822,5
699fff4b7d1bd36d2670864e,sj,ok,True,,,,,,,,,,,,,,1836,1.8338,311.00900389431297,2229,2.2263,511.6135115980228,5
699fff557d1bd36d2670864f,sj,ok,True,,,,,,,,,,,,,,1855,1.8535,317.04519158414,2240,2.2382,450.37094085335974,5
699fff857d1bd36d26708650,sj,ok,True,,,,,,,,,,,,,,,,,,,,2
69a001e97d1bd36d26708655,sj,ok,True,,,,,,,,,,,,,,2399,2.398,272.848339211575,2777,2.7759,371.05290414159913,5
69a001f87d1bd36d26708656,sj,ok,True,,,,,,,,,,,,,,2128,2.1002,256.51526418902046,2500,2.4674,410.58873587914366,5
69a0024c7d1bd36d26708657,sj,ok,True,,,,,,,,,,,,,,1915,1.9104,280.95598760614786,2274,2.2685,409.1724456602357,5
69a002607d1bd36d26708658,sj,ok,True,,,,,,,,,,,,,,2143,2.1146,260.79941835534675,2523,2.4896,388.8790473373333,5
69a002787d1bd36d26708659,sj,ok,True,,,,,,,,,,,,,,,,,,,,2
69a0049c7d1bd36d2670865a,sj,ok,True,,,,,,,,,,,,,,2413,2.4217,355.7425603449255,2857,2.8673,489.5796069253288,5
69a004b07d1bd36d2670865b,sj,ok,True,,,,,,,,,,,,,,1970,1.9684,308.3486327815603,2448,2.446,511.64725342331866,8
69a005e87d1bd36d26708660,sj,ok,True,,,,,,,,,,,,,,2039,2.0325,364.1393898067392,2435,2.4272,529.6727329029837,5
69a0062c7d1bd36d26708661,sj,ok,True,,,,,,,,,,,,,,1612,1.6088,409.9498245992505,2063,2.0589,631.1468526471132,5
69a006437d1bd36d26708662,sj,ok,True,,,,,,,,,,,,,,1927,1.9011,392.9006184386117,2361,2.3293,593.1504488841584,5
69a008137d1bd36d26708669,sj,ok,True,,,,,,,,,,,,,,2257,2.2516,420.44343778457556,2704,2.6975,641.4898498933225,5
69a008267d1bd36d2670866a,sj,ok,True,,,,,,,,,,,,,,1852,1.8509,407.24129892844866,2291,2.2896,602.7590701512237,5
69a008517d1bd36d2670866b,sj,ok,True,,,,,,,,,,,,,,,,,,,,2
69a00a367d1bd36d26708673,sj,ok,True,,,,,,,,,,,,,,2620,2.6127,331.92951230082366,3092,3.0834,440.23363334957816,8
69a00a4e7d1bd36d26708674,sj,ok,True,,,,,,,,,,,,,,2575,2.5663,321.4112067215805,2966,2.9559,474.383341605965,5
69a00a697d1bd36d26708675,sj,ok,True,,,,,,,,,,,,,,2175,2.1448,307.14206833204395,2606,2.5698,485.15456441670875,5
69a00a777d1bd36d26708676,sj,ok,True,,,,,,,,,,,,,,2074,2.0483,312.3675115023904,2455,2.4245,488.9443863718967,5
69a00a8f7d1bd36d26708677,sj,ok,True,,,,,,,,,,,,,,2293,2.3008,321.45262186815444,2661,2.6701,515.1316668008676,5
69a00ab17d1bd36d26708678,sj,ok,True,,,,,,,,,,,,,,2384,2.3754,340.8588912036259,2697,2.6873,520.1327727173523,5
69a00b967d1bd36d2670867d,sj,ok,True,,,,,,,,,,,,,,2398,2.3798,272.41001687039255,2713,2.6924,419.7963635490316,5
69a00ba17d1bd36d2670867e,sj,ok,True,,,,,,,,,,,,,,1843,1.8467,269.56881541721964,2138,2.1423,430.34925224023056,5
69a00bb57d1bd36d2670867f,sj,ok,True,,,,,,,,,,,,,,2177,2.1614,272.2926990979388,2457,2.4394,415.2993456599214,5
69a00bd37d1bd36d26708680,sj,ok,True,,,,,,,,,,,,,,1797,1.7845,267.37379573083416,2094,2.0794,427.41841933905556,5
69a00be27d1bd36d26708681,sj,ok,True,,,,,,,,,,,,,,1987,1.9681,273.7282725206613,2292,2.2702,436.28298341587595,5
69a00bf87d1bd36d26708682,sj,ok,True,,,,,,,,,,,,,,,,,,,,2
69a00c0b7d1bd36d26708683,sj,ok,True,,,,,,,,,,,,,,2287,2.312,264.0237270861841,2588,2.6163,400.80602931287643,5
69a00c4b7d1bd36d26708684,sj,ok,True,,,,,,,,,,,,,,2234,2.2371,270.64814870272306,2537,2.5406,429.7820366306471,5
69a00d937d1bd36d26708691,sj,ok,True,,,,,,,,,,,,,,1662,1.6524,344.82848378968737,2039,2.0272,553.3953392572724,5
69a00da47d1bd36d26708692,sj,ok,True,,,,,,,,,,,,,,2586,2.5793,310.00643294520313,2979,2.9713,488.93659932043664,5
69a00dc57d1bd36d26708693,sj,ok,True,,,,,,,,,,,,,,2451,2.452,292.0973048062462,2837,2.8381,475.4678208754119,8
69a00dd47d1bd36d26708694,sj,ok,True,,,,,,,,,,,,,,2378,2.378,286.9139870388529,2785,2.785,477.54502552469756,5
69a00de77d1bd36d26708695,sj,ok,True,,,,,,,,,,,,,,2437,2.4297,327.5061613267383,2837,2.8285,517.1474720837297,5
69a00f577d1bd36d2670869b,sj,ok,True,,,,,,,,,,,,,,2705,2.7007,186.72006751477076,2743,2.7386,256.84703439360766,5
69a00f6c7d1bd36d2670869c,sj,ok,True,,,,,,,,,,,,,,2033,2.0065,214.3786604324512,2338,2.3075,339.30468000507557,5
69a00f797d1bd36d2670869d,sj,ok,True,,,,,,,,,,,,,,2598,2.5892,194.89832073621878,2637,2.628,312.16800159761385,5
69a012147d1bd36d267086a4,sj,ok,True,,,,,,,,,,,,,,1958,1.9706,267.0276971328052,2306,2.3209,407.60503485297204,5
69a012217d1bd36d267086a5,sj,ok,True,,,,,,,,,,,,,,2431,2.4266,259.9380552803142,2787,2.782,417.8058113728736,5
69a0122e7d1bd36d267086a6,sj,ok,True,,,,,,,,,,,,,,2309,2.3108,256.1887801454563,2344,2.3459,407.0847598790843,5
69a012dc7d1bd36d267086aa,sj,ok,True,,,,,,,,,,,,,,2453,2.4393,260.8242181579878,2475,2.4612,390.72606372934644,5
69a012e87d1bd36d267086ab,sj,ok,True,,,,,,,,,,,,,,2269,2.2745,267.83528418181464,2294,2.2995,400.9973036697714,5
69a013767d1bd36d267086ae,sj,ok,True,,,,,,,,,,,,,,2439,2.4327,268.1143777403413,2462,2.4556,399.6946854360947,8
69a013a07d1bd36d267086af,sj,ok,True,,,,,,,,,,,,,,2209,2.2037,266.44622446582093,2521,2.515,418.0340708214444,5
69a014c77d1bd36d267086b3,sj,ok,True,,,,,,,,,,,,,,2188,2.1806,312.19476554620906,2583,2.5742,486.49516539320007,8
69a014e37d1bd36d267086b4,sj,ok,True,,,,,,,,,,,,,,2331,2.324,316.0419171397268,2736,2.7278,503.2000806051217,8
69a014fa7d1bd36d267086b5,sj,ok,True,,,,,,,,,,,,,,2147,2.1639,313.0175687548407,2528,2.5479,459.3879286989703,5
69a0151f7d1bd36d267086b6,sj,ok,True,,,,,,,,,,,,,,2177,2.17,301.3253896573987,2585,2.5767,423.76543586992636,5
69a0154b7d1bd36d267086b7,sj,ok,True,,,,,,,,,,,,,,1674,1.6747,339.8693369650902,2109,2.1098,475.916477569967,5
69a016557d1bd36d267086bb,sj,ok,True,,,,,,,,,,,,,,2291,2.28,282.6343250399385,2698,2.6851,457.22673788627094,8
69a0167b7d1bd36d267086bc,sj,ok,True,,,,,,,,,,,,,,2523,2.493,299.01196511657304,2953,2.9179,470.1620638554113,5
69a0168b7d1bd36d267086bd,sj,ok,True,,,,,,,,,,,,,,1702,1.6976,301.53453680933563,2101,2.0955,481.8474093718007,5
69a016977d1bd36d267086be,sj,ok,True,,,,,,,,,,,,,,,,,,,,2
69a018f37d1bd36d267086c2,sj,ok,True,,,,,,,,,,,,,,2460,2.4369,259.4969468323133,2869,2.8421,398.0620793040898,5
69a019047d1bd36d267086c3,sj,ok,True,,,,,,,,,,,,,,2063,2.0548,244.9085325655393,2483,2.4731,351.0933153762149,8
69a019127d1bd36d267086c4,sj,ok,True,,,,,,,,,,,,,,2041,2.0459,241.7261193021207,2456,2.4619,361.0494280409062,5
69a019ca7d1bd36d267086c8,sj,ok,True,,,,,,,,,,,,,,2317,2.305,255.7377915716012,2343,2.3308,396.25572546166273,5
69a019e07d1bd36d267086c9,sj,ok,True,,,,,,,,,,,,,,,,,,,,2
69a019e97d1bd36d267086ca,sj,ok,True,,,,,,,,,,,,,,2141,2.1528,246.7162714300425,2164,2.1759,370.9950238886425,5
69a01a067d1bd36d267086cb,sj,ok,True,,,,,,,,,,,,,,1961,1.9536,252.2877909943536,2233,2.2245,391.27612437924824,5
69a024969eed9d3f2a5187a3,sj,ok,True,,,,,,,,,,,,,,2146,2.1387,281.38260593610283,2539,2.5304,413.8526317973574,5
69a024c39eed9d3f2a5187a4,sj,ok,True,,,,,,,,,,,,,,1965,1.9607,296.7887302434282,2372,2.3668,446.2897063622223,5
69a024e99eed9d3f2a5187a5,sj,ok,True,,,,,,,,,,,,,,1825,1.8174,295.21784523585467,2241,2.2316,448.04389984334375,8
69a02eb16ec7b67d7d875380,sj,ok,True,,,,,,,,,,,,,,2357,2.3741,358.9598499594305,2828,2.8485,526.6312753145722,5
69a02ec26ec7b67d7d875381,sj,ok,True,,,,,,,,,,,,,,2141,2.1248,309.3339379088158,2608,2.5883,526.151512573328,8
69a02ecb6ec7b67d7d875382,sj,ok,True,,,,,,,,,,,,,,2013,2.0098,360.9051474341986,2454,2.4501,544.1617490766573,5
69a02f896ec7b67d7d875387,sj,ok,True,,,,,,,,,,,,,,2212,2.2036,312.1639064770277,2612,2.6021,474.05576081358777,5
69a02fab6ec7b67d7d875388,sj,ok,True,,,,,,,,,,,,,,2322,2.3137,304.81585100701005,2768,2.7581,489.2701927636759,5
69a02fb66ec7b67d7d875389,sj,ok,True,,,,,,,,,,,,,,2056,2.0298,286.6831050691772,2482,2.4504,445.6584974699525,5
69a030da6ec7b67d7d875390,sj,ok,True,,,,,,,,,,,,,,2037,2.0277,372.20968308396306,2468,2.4567,584.2740219216928,5
69a030ea6ec7b67d7d875391,sj,ok,True,,,,,,,,,,,,,,1973,2.0129,336.9143769205974,2420,2.4689,554.0527425561445,5
69a031056ec7b67d7d875392,sj,ok,True,,,,,,,,,,,,,,1655,1.6527,339.6839486724157,2032,2.0292,529.1652702446984,5
69a031136ec7b67d7d875393,sj,ok,True,,,,,,,,,,,,,,1746,1.7342,365.8253750170793,2114,2.0997,531.1430045430039,5
69a033406ec7b67d7d87539d,sj,ok,True,,,,,,,,,,,,,,2454,2.4452,306.8029062725555,2861,2.8507,490.27873109754904,5
69a0334d6ec7b67d7d87539e,sj,ok,True,,,,,,,,,,,,,,1724,1.7062,304.49522290706784,2156,2.1338,470.61807369659033,5
69a033596ec7b67d7d87539f,sj,ok,True,,,,,,,,,,,,,,,,,,,,2
69a033836ec7b67d7d8753a0,sj,ok,True,,,,,,,,,,,,,,,,,,,,2
69a0340f6ec7b67d7d8753a6,sj,ok,True,,,,,,,,,,,,,,2084,2.0853,300.6771087274096,2537,2.5385,406.9824365606951,5
69a034346ec7b67d7d8753a7,sj,ok,True,,,,,,,,,,,,,,,,,,,,2
69a0343f6ec7b67d7d8753a8,sj,ok,True,,,,,,,,,,,,,,,,,,,,2
69a0345b6ec7b67d7d8753a9,sj,ok,True,,,,,,,,,,,,,,2237,2.229,346.7832412090499,2281,2.2728,543.491109739612,5
69a03c4d6ec7b67d7d8753b0,sj,ok,True,,,,,,,,,,,,,,3280,3.257,481.2849101847822,3588,3.5629,782.224966926455,5
69a03c596ec7b67d7d8753b1,sj,ok,True,,,,,,,,,,,,,,3280,3.257,481.2849101847822,3588,3.5629,782.224966926455,5
69a03c7a6ec7b67d7d8753b2,sj,ok,True,,,,,,,,,,,,,,2476,2.4676,479.7650967869794,2790,2.7805,756.9072536563222,5
69a03caa6ec7b67d7d8753b3,sj,ok,True,,,,,,,,,,,,,,2817,2.7918,499.9545110743988,3121,3.0931,772.9105021900363,5
69a03cb76ec7b67d7d8753b4,sj,ok,True,,,,,,,,,,,,,,2339,2.3144,526.7359400375237,2574,2.547,834.622498166327,5
699c4c718e59d198a5550849,dj,ok,True,,,,,,,,,,,,,,2144,2.1312,384.3460365686823,2571,2.5557,942.829159216552,4
